"epoch","vanilla_vae_4D - _step","vanilla_vae_4D - _step__MIN","vanilla_vae_4D - _step__MAX","vanilla_vae_4D - val_loss","vanilla_vae_4D - val_loss__MIN","vanilla_vae_4D - val_loss__MAX","vanilla_vae_3D - _step","vanilla_vae_3D - _step__MIN","vanilla_vae_3D - _step__MAX","vanilla_vae_3D - val_loss","vanilla_vae_3D - val_loss__MIN","vanilla_vae_3D - val_loss__MAX","vanilla_vae_2D - _step","vanilla_vae_2D - _step__MIN","vanilla_vae_2D - _step__MAX","vanilla_vae_2D - val_loss","vanilla_vae_2D - val_loss__MIN","vanilla_vae_2D - val_loss__MAX","torus_vae - _step","torus_vae - _step__MIN","torus_vae - _step__MAX","torus_vae - val_loss","torus_vae - val_loss__MIN","torus_vae - val_loss__MAX","klein_vae - _step","klein_vae - _step__MIN","klein_vae - _step__MAX","klein_vae - val_loss","klein_vae - val_loss__MIN","klein_vae - val_loss__MAX"
"0","0","0","0","84.92989349365234","84.92989349365234","84.92989349365234","0","0","0","113.7144546508789","113.7144546508789","113.7144546508789","0","0","0","125.69229888916016","125.69229888916016","125.69229888916016","0","0","0","0.5997953414916992","0.5997953414916992","0.5997953414916992","0","0","0","0.5970469117164612","0.5970469117164612","0.5970469117164612"
"1","1","1","1","39.40827560424805","39.40827560424805","39.40827560424805","1","1","1","74.90523529052734","74.90523529052734","74.90523529052734","1","1","1","104.75509643554688","104.75509643554688","104.75509643554688","1","1","1","0.5927196145057678","0.5927196145057678","0.5927196145057678","1","1","1","0.5862926244735718","0.5862926244735718","0.5862926244735718"
"2","2","2","2","27.054630279541016","27.054630279541016","27.054630279541016","2","2","2","60.70025634765625","60.70025634765625","60.70025634765625","2","2","2","90.7400131225586","90.7400131225586","90.7400131225586","2","2","2","0.6228047609329224","0.6228047609329224","0.6228047609329224","2","2","2","0.6142456531524658","0.6142456531524658","0.6142456531524658"
"3","4","4","4","22.230304718017578","22.230304718017578","22.230304718017578","4","4","4","50.73145294189453","50.73145294189453","50.73145294189453","4","4","4","81.43229675292969","81.43229675292969","81.43229675292969","4","4","4","0.5643879175186157","0.5643879175186157","0.5643879175186157","4","4","4","0.6609317064285278","0.6609317064285278","0.6609317064285278"
"4","5","5","5","19.11098861694336","19.11098861694336","19.11098861694336","5","5","5","44.408809661865234","44.408809661865234","44.408809661865234","5","5","5","73.98768615722656","73.98768615722656","73.98768615722656","5","5","5","0.5862769484519958","0.5862769484519958","0.5862769484519958","5","5","5","0.5972785353660583","0.5972785353660583","0.5972785353660583"
"5","6","6","6","17.17734146118164","17.17734146118164","17.17734146118164","6","6","6","39.01306915283203","39.01306915283203","39.01306915283203","6","6","6","68.32745361328125","68.32745361328125","68.32745361328125","6","6","6","0.5475935339927673","0.5475935339927673","0.5475935339927673","6","6","6","0.5850759148597717","0.5850759148597717","0.5850759148597717"
"6","8","8","8","16.155963897705078","16.155963897705078","16.155963897705078","8","8","8","35.97507095336914","35.97507095336914","35.97507095336914","8","8","8","64.14996337890625","64.14996337890625","64.14996337890625","8","8","8","0.516554057598114","0.516554057598114","0.516554057598114","8","8","8","0.6129329204559326","0.6129329204559326","0.6129329204559326"
"7","9","9","9","14.97156810760498","14.97156810760498","14.97156810760498","9","9","9","33.84989929199219","33.84989929199219","33.84989929199219","9","9","9","60.41086196899414","60.41086196899414","60.41086196899414","9","9","9","0.5634075403213501","0.5634075403213501","0.5634075403213501","9","9","9","0.6103164553642273","0.6103164553642273","0.6103164553642273"
"8","10","10","10","14.356005668640137","14.356005668640137","14.356005668640137","10","10","10","30.391468048095703","30.391468048095703","30.391468048095703","10","10","10","56.605560302734375","56.605560302734375","56.605560302734375","10","10","10","0.5367267727851868","0.5367267727851868","0.5367267727851868","10","10","10","0.6159101724624634","0.6159101724624634","0.6159101724624634"
"9","12","12","12","13.484969139099121","13.484969139099121","13.484969139099121","12","12","12","28.87458610534668","28.87458610534668","28.87458610534668","12","12","12","54.96152114868164","54.96152114868164","54.96152114868164","12","12","12","0.5153840780258179","0.5153840780258179","0.5153840780258179","12","12","12","0.6097416877746582","0.6097416877746582","0.6097416877746582"
"10","13","13","13","13.23568344116211","13.23568344116211","13.23568344116211","13","13","13","27.08245849609375","27.08245849609375","27.08245849609375","13","13","13","52.41761779785156","52.41761779785156","52.41761779785156","13","13","13","0.5064889788627625","0.5064889788627625","0.5064889788627625","13","13","13","0.5920099020004272","0.5920099020004272","0.5920099020004272"
"11","14","14","14","12.760366439819336","12.760366439819336","12.760366439819336","14","14","14","25.69757080078125","25.69757080078125","25.69757080078125","14","14","14","50.889469146728516","50.889469146728516","50.889469146728516","14","14","14","0.5343825221061707","0.5343825221061707","0.5343825221061707","14","14","14","0.5995585918426514","0.5995585918426514","0.5995585918426514"
"12","16","16","16","12.192765235900879","12.192765235900879","12.192765235900879","16","16","16","24.750328063964844","24.750328063964844","24.750328063964844","16","16","16","49.41066360473633","49.41066360473633","49.41066360473633","16","16","16","0.5054552555084229","0.5054552555084229","0.5054552555084229","16","16","16","0.6026393175125122","0.6026393175125122","0.6026393175125122"
"13","17","17","17","12.169986724853516","12.169986724853516","12.169986724853516","17","17","17","23.780269622802734","23.780269622802734","23.780269622802734","17","17","17","47.722686767578125","47.722686767578125","47.722686767578125","17","17","17","0.49076205492019653","0.49076205492019653","0.49076205492019653","17","17","17","0.5747324824333191","0.5747324824333191","0.5747324824333191"
"14","18","18","18","11.31148624420166","11.31148624420166","11.31148624420166","18","18","18","23.055744171142578","23.055744171142578","23.055744171142578","18","18","18","46.902557373046875","46.902557373046875","46.902557373046875","18","18","18","0.5057907700538635","0.5057907700538635","0.5057907700538635","18","18","18","0.6318742632865906","0.6318742632865906","0.6318742632865906"
"15","20","20","20","10.641639709472656","10.641639709472656","10.641639709472656","20","20","20","22.523120880126953","22.523120880126953","22.523120880126953","20","20","20","45.77336883544922","45.77336883544922","45.77336883544922","20","20","20","0.5048365592956543","0.5048365592956543","0.5048365592956543","20","20","20","0.6120302081108093","0.6120302081108093","0.6120302081108093"
"16","21","21","21","11.031134605407715","11.031134605407715","11.031134605407715","21","21","21","21.634824752807617","21.634824752807617","21.634824752807617","21","21","21","46.00759506225586","46.00759506225586","46.00759506225586","21","21","21","0.49169445037841797","0.49169445037841797","0.49169445037841797","21","21","21","0.5925944447517395","0.5925944447517395","0.5925944447517395"
"17","22","22","22","10.851895332336426","10.851895332336426","10.851895332336426","22","22","22","23.085308074951172","23.085308074951172","23.085308074951172","22","22","22","44.72673797607422","44.72673797607422","44.72673797607422","22","22","22","0.46684619784355164","0.46684619784355164","0.46684619784355164","22","22","22","0.6109456419944763","0.6109456419944763","0.6109456419944763"
"18","24","24","24","10.761011123657227","10.761011123657227","10.761011123657227","24","24","24","21.355072021484375","21.355072021484375","21.355072021484375","24","24","24","43.764549255371094","43.764549255371094","43.764549255371094","24","24","24","0.49703606963157654","0.49703606963157654","0.49703606963157654","24","24","24","0.6284831166267395","0.6284831166267395","0.6284831166267395"
"19","26","26","26","10.06726360321045","10.06726360321045","10.06726360321045","26","26","26","21.46916389465332","21.46916389465332","21.46916389465332","26","26","26","44.82765197753906","44.82765197753906","44.82765197753906","26","26","26","0.5031659007072449","0.5031659007072449","0.5031659007072449","26","26","26","0.612582266330719","0.612582266330719","0.612582266330719"
"20","27","27","27","11.088221549987793","11.088221549987793","11.088221549987793","27","27","27","20.002038955688477","20.002038955688477","20.002038955688477","27","27","27","42.846256256103516","42.846256256103516","42.846256256103516","27","27","27","0.47559690475463867","0.47559690475463867","0.47559690475463867","27","27","27","0.5905219316482544","0.5905219316482544","0.5905219316482544"
"21","29","29","29","10.192222595214844","10.192222595214844","10.192222595214844","29","29","29","19.71516990661621","19.71516990661621","19.71516990661621","29","29","29","41.4732666015625","41.4732666015625","41.4732666015625","29","29","29","0.45293086767196655","0.45293086767196655","0.45293086767196655","29","29","29","0.5956553816795349","0.5956553816795349","0.5956553816795349"
"22","30","30","30","9.668193817138672","9.668193817138672","9.668193817138672","30","30","30","19.342802047729492","19.342802047729492","19.342802047729492","30","30","30","41.14872741699219","41.14872741699219","41.14872741699219","30","30","30","0.47415679693222046","0.47415679693222046","0.47415679693222046","30","30","30","0.5940620303153992","0.5940620303153992","0.5940620303153992"
"23","31","31","31","9.535483360290527","9.535483360290527","9.535483360290527","31","31","31","19.173480987548828","19.173480987548828","19.173480987548828","31","31","31","40.549034118652344","40.549034118652344","40.549034118652344","31","31","31","0.482932448387146","0.482932448387146","0.482932448387146","31","31","31","0.5936269164085388","0.5936269164085388","0.5936269164085388"
"24","33","33","33","9.017434120178223","9.017434120178223","9.017434120178223","33","33","33","18.818527221679688","18.818527221679688","18.818527221679688","33","33","33","40.28111267089844","40.28111267089844","40.28111267089844","33","33","33","0.4704103171825409","0.4704103171825409","0.4704103171825409","33","33","33","0.6031889915466309","0.6031889915466309","0.6031889915466309"
"25","34","34","34","8.866260528564453","8.866260528564453","8.866260528564453","34","34","34","19.026247024536133","19.026247024536133","19.026247024536133","34","34","34","39.87938690185547","39.87938690185547","39.87938690185547","34","34","34","0.4516540467739105","0.4516540467739105","0.4516540467739105","34","34","34","0.5759567618370056","0.5759567618370056","0.5759567618370056"
"26","35","35","35","8.96561336517334","8.96561336517334","8.96561336517334","35","35","35","19.954465866088867","19.954465866088867","19.954465866088867","35","35","35","39.50962448120117","39.50962448120117","39.50962448120117","35","35","35","0.47538894414901733","0.47538894414901733","0.47538894414901733","35","35","35","0.6119412183761597","0.6119412183761597","0.6119412183761597"
"27","36","36","36","9.94644832611084","9.94644832611084","9.94644832611084","36","36","36","18.208293914794922","18.208293914794922","18.208293914794922","36","36","36","39.101139068603516","39.101139068603516","39.101139068603516","36","36","36","0.46457308530807495","0.46457308530807495","0.46457308530807495","36","36","36","0.6065665483474731","0.6065665483474731","0.6065665483474731"
"28","38","38","38","10.425731658935547","10.425731658935547","10.425731658935547","38","38","38","19.444608688354492","19.444608688354492","19.444608688354492","38","38","38","39.18655014038086","39.18655014038086","39.18655014038086","38","38","38","0.466889351606369","0.466889351606369","0.466889351606369","38","38","38","0.5874943733215332","0.5874943733215332","0.5874943733215332"
"29","39","39","39","8.368688583374023","8.368688583374023","8.368688583374023","39","39","39","19.47877311706543","19.47877311706543","19.47877311706543","39","39","39","38.41227340698242","38.41227340698242","38.41227340698242","39","39","39","0.44958823919296265","0.44958823919296265","0.44958823919296265","39","39","39","0.5824740529060364","0.5824740529060364","0.5824740529060364"
"30","40","40","40","8.420294761657715","8.420294761657715","8.420294761657715","40","40","40","19.041292190551758","19.041292190551758","19.041292190551758","40","40","40","38.742767333984375","38.742767333984375","38.742767333984375","40","40","40","0.4564700424671173","0.4564700424671173","0.4564700424671173","40","40","40","0.6564327478408813","0.6564327478408813","0.6564327478408813"
"31","42","42","42","8.626066207885742","8.626066207885742","8.626066207885742","42","42","42","18.53338623046875","18.53338623046875","18.53338623046875","42","42","42","38.124202728271484","38.124202728271484","38.124202728271484","42","42","42","0.46876266598701477","0.46876266598701477","0.46876266598701477","42","42","42","0.5987979769706726","0.5987979769706726","0.5987979769706726"
"32","43","43","43","8.454888343811035","8.454888343811035","8.454888343811035","43","43","43","17.36406898498535","17.36406898498535","17.36406898498535","43","43","43","39.148834228515625","39.148834228515625","39.148834228515625","43","43","43","0.4551263153553009","0.4551263153553009","0.4551263153553009","43","43","43","0.5897972583770752","0.5897972583770752","0.5897972583770752"
"33","44","44","44","8.11983585357666","8.11983585357666","8.11983585357666","44","44","44","17.4083194732666","17.4083194732666","17.4083194732666","44","44","44","39.97332763671875","39.97332763671875","39.97332763671875","44","44","44","0.46671393513679504","0.46671393513679504","0.46671393513679504","44","44","44","0.5878547430038452","0.5878547430038452","0.5878547430038452"
"34","46","46","46","8.717120170593262","8.717120170593262","8.717120170593262","46","46","46","17.690196990966797","17.690196990966797","17.690196990966797","46","46","46","38.72744369506836","38.72744369506836","38.72744369506836","46","46","46","0.46341750025749207","0.46341750025749207","0.46341750025749207","46","46","46","0.5868784785270691","0.5868784785270691","0.5868784785270691"
"35","47","47","47","8.751675605773926","8.751675605773926","8.751675605773926","47","47","47","17.718908309936523","17.718908309936523","17.718908309936523","47","47","47","39.846107482910156","39.846107482910156","39.846107482910156","47","47","47","0.4401671886444092","0.4401671886444092","0.4401671886444092","47","47","47","0.7024847269058228","0.7024847269058228","0.7024847269058228"
"36","48","48","48","9.068354606628418","9.068354606628418","9.068354606628418","48","48","48","17.83641815185547","17.83641815185547","17.83641815185547","48","48","48","37.05311584472656","37.05311584472656","37.05311584472656","48","48","48","0.4754592180252075","0.4754592180252075","0.4754592180252075","48","48","48","0.573970377445221","0.573970377445221","0.573970377445221"
"37","50","50","50","8.267157554626465","8.267157554626465","8.267157554626465","50","50","50","18.264232635498047","18.264232635498047","18.264232635498047","50","50","50","36.92372131347656","36.92372131347656","36.92372131347656","50","50","50","0.4736368954181671","0.4736368954181671","0.4736368954181671","50","50","50","0.542080283164978","0.542080283164978","0.542080283164978"
"38","51","51","51","7.932802200317383","7.932802200317383","7.932802200317383","51","51","51","17.568342208862305","17.568342208862305","17.568342208862305","51","51","51","36.585289001464844","36.585289001464844","36.585289001464844","51","51","51","0.44829899072647095","0.44829899072647095","0.44829899072647095","51","51","51","0.6613531708717346","0.6613531708717346","0.6613531708717346"
"39","53","53","53","8.037761688232422","8.037761688232422","8.037761688232422","53","53","53","17.61526870727539","17.61526870727539","17.61526870727539","53","53","53","36.150020599365234","36.150020599365234","36.150020599365234","53","53","53","0.45925718545913696","0.45925718545913696","0.45925718545913696","53","53","53","0.6063160300254822","0.6063160300254822","0.6063160300254822"
"40","55","55","55","7.740116596221924","7.740116596221924","7.740116596221924","55","55","55","17.30401039123535","17.30401039123535","17.30401039123535","55","55","55","35.792320251464844","35.792320251464844","35.792320251464844","55","55","55","0.46965715289115906","0.46965715289115906","0.46965715289115906","55","55","55","0.5798706412315369","0.5798706412315369","0.5798706412315369"
"41","56","56","56","7.437217712402344","7.437217712402344","7.437217712402344","56","56","56","16.376054763793945","16.376054763793945","16.376054763793945","56","56","56","35.725589752197266","35.725589752197266","35.725589752197266","56","56","56","0.4552636742591858","0.4552636742591858","0.4552636742591858","56","56","56","0.5283031463623047","0.5283031463623047","0.5283031463623047"
"42","57","57","57","7.481806755065918","7.481806755065918","7.481806755065918","57","57","57","16.048912048339844","16.048912048339844","16.048912048339844","57","57","57","35.63783645629883","35.63783645629883","35.63783645629883","57","57","57","0.45436927676200867","0.45436927676200867","0.45436927676200867","57","57","57","0.5400047898292542","0.5400047898292542","0.5400047898292542"
"43","59","59","59","7.6916279792785645","7.6916279792785645","7.6916279792785645","59","59","59","15.599898338317871","15.599898338317871","15.599898338317871","59","59","59","35.750640869140625","35.750640869140625","35.750640869140625","59","59","59","0.44236353039741516","0.44236353039741516","0.44236353039741516","59","59","59","0.5467758178710938","0.5467758178710938","0.5467758178710938"
"44","60","60","60","7.566927433013916","7.566927433013916","7.566927433013916","60","60","60","15.443197250366211","15.443197250366211","15.443197250366211","60","60","60","35.982357025146484","35.982357025146484","35.982357025146484","60","60","60","0.46647951006889343","0.46647951006889343","0.46647951006889343","60","60","60","0.53121417760849","0.53121417760849","0.53121417760849"
"45","61","61","61","7.304413318634033","7.304413318634033","7.304413318634033","61","61","61","15.18323802947998","15.18323802947998","15.18323802947998","61","61","61","35.84248352050781","35.84248352050781","35.84248352050781","61","61","61","0.4535782039165497","0.4535782039165497","0.4535782039165497","61","61","61","0.5142382979393005","0.5142382979393005","0.5142382979393005"
"46","63","63","63","7.303342819213867","7.303342819213867","7.303342819213867","63","63","63","15.008728981018066","15.008728981018066","15.008728981018066","63","63","63","34.70986557006836","34.70986557006836","34.70986557006836","63","63","63","0.4509713053703308","0.4509713053703308","0.4509713053703308","63","63","63","0.5073162317276001","0.5073162317276001","0.5073162317276001"
"47","64","64","64","7.288136005401611","7.288136005401611","7.288136005401611","64","64","64","14.930574417114258","14.930574417114258","14.930574417114258","64","64","64","35.071266174316406","35.071266174316406","35.071266174316406","64","64","64","0.44649627804756165","0.44649627804756165","0.44649627804756165","64","64","64","0.5070172548294067","0.5070172548294067","0.5070172548294067"
"48","65","65","65","7.5306620597839355","7.5306620597839355","7.5306620597839355","65","65","65","14.809320449829102","14.809320449829102","14.809320449829102","65","65","65","34.543460845947266","34.543460845947266","34.543460845947266","65","65","65","0.4439864158630371","0.4439864158630371","0.4439864158630371","65","65","65","0.582624614238739","0.582624614238739","0.582624614238739"
"49","67","67","67","7.530548572540283","7.530548572540283","7.530548572540283","67","67","67","14.75957202911377","14.75957202911377","14.75957202911377","67","67","67","34.29496765136719","34.29496765136719","34.29496765136719","67","67","67","0.4423915445804596","0.4423915445804596","0.4423915445804596","67","67","67","0.5809153318405151","0.5809153318405151","0.5809153318405151"
"50","68","68","68","7.632937431335449","7.632937431335449","7.632937431335449","68","68","68","14.650667190551758","14.650667190551758","14.650667190551758","68","68","68","33.733402252197266","33.733402252197266","33.733402252197266","68","68","68","0.44201529026031494","0.44201529026031494","0.44201529026031494","68","68","68","0.5312175154685974","0.5312175154685974","0.5312175154685974"
"51","69","69","69","7.685723781585693","7.685723781585693","7.685723781585693","69","69","69","14.495844841003418","14.495844841003418","14.495844841003418","69","69","69","33.55613327026367","33.55613327026367","33.55613327026367","69","69","69","0.44219258427619934","0.44219258427619934","0.44219258427619934","69","69","69","0.5118052959442139","0.5118052959442139","0.5118052959442139"
"52","70","70","70","7.568292617797852","7.568292617797852","7.568292617797852","70","70","70","14.35216999053955","14.35216999053955","14.35216999053955","70","70","70","33.33633804321289","33.33633804321289","33.33633804321289","70","70","70","0.4426659941673279","0.4426659941673279","0.4426659941673279","70","70","70","0.5985358953475952","0.5985358953475952","0.5985358953475952"
"53","72","72","72","7.611083030700684","7.611083030700684","7.611083030700684","72","72","72","14.231234550476074","14.231234550476074","14.231234550476074","72","72","72","33.07367706298828","33.07367706298828","33.07367706298828","72","72","72","0.44178101420402527","0.44178101420402527","0.44178101420402527","72","72","72","0.6253489255905151","0.6253489255905151","0.6253489255905151"
"54","73","73","73","9.911171913146973","9.911171913146973","9.911171913146973","73","73","73","14.110654830932617","14.110654830932617","14.110654830932617","73","73","73","33.00990295410156","33.00990295410156","33.00990295410156","73","73","73","0.44065168499946594","0.44065168499946594","0.44065168499946594","73","73","73","0.7329608201980591","0.7329608201980591","0.7329608201980591"
"55","74","74","74","8.257564544677734","8.257564544677734","8.257564544677734","74","74","74","13.9722318649292","13.9722318649292","13.9722318649292","74","74","74","32.85149383544922","32.85149383544922","32.85149383544922","74","74","74","0.44166284799575806","0.44166284799575806","0.44166284799575806","74","74","74","0.5879530906677246","0.5879530906677246","0.5879530906677246"
"56","76","76","76","7.430775165557861","7.430775165557861","7.430775165557861","76","76","76","13.787126541137695","13.787126541137695","13.787126541137695","76","76","76","32.7765007019043","32.7765007019043","32.7765007019043","76","76","76","0.4413192868232727","0.4413192868232727","0.4413192868232727","76","76","76","0.6621536612510681","0.6621536612510681","0.6621536612510681"
"57","77","77","77","7.611983299255371","7.611983299255371","7.611983299255371","77","77","77","13.78207015991211","13.78207015991211","13.78207015991211","77","77","77","32.874691009521484","32.874691009521484","32.874691009521484","77","77","77","0.4399825930595398","0.4399825930595398","0.4399825930595398","77","77","77","0.5848291516304016","0.5848291516304016","0.5848291516304016"
"58","78","78","78","7.242743968963623","7.242743968963623","7.242743968963623","78","78","78","14.297592163085938","14.297592163085938","14.297592163085938","78","78","78","33.1568489074707","33.1568489074707","33.1568489074707","78","78","78","0.44036489725112915","0.44036489725112915","0.44036489725112915","78","78","78","0.578947126865387","0.578947126865387","0.578947126865387"
"59","81","81","81","7.116698265075684","7.116698265075684","7.116698265075684","81","81","81","14.145373344421387","14.145373344421387","14.145373344421387","81","81","81","33.6699104309082","33.6699104309082","33.6699104309082","81","81","81","0.4408186674118042","0.4408186674118042","0.4408186674118042","81","81","81","0.5747458338737488","0.5747458338737488","0.5747458338737488"
"60","82","82","82","6.931511878967285","6.931511878967285","6.931511878967285","82","82","82","13.944408416748047","13.944408416748047","13.944408416748047","82","82","82","35.19873046875","35.19873046875","35.19873046875","82","82","82","0.4412391483783722","0.4412391483783722","0.4412391483783722","82","82","82","0.5713441371917725","0.5713441371917725","0.5713441371917725"
"61","83","83","83","6.733152866363525","6.733152866363525","6.733152866363525","83","83","83","14.097060203552246","14.097060203552246","14.097060203552246","83","83","83","34.24116516113281","34.24116516113281","34.24116516113281","83","83","83","0.4414357841014862","0.4414357841014862","0.4414357841014862","83","83","83","0.5726092457771301","0.5726092457771301","0.5726092457771301"
"62","85","85","85","6.724091053009033","6.724091053009033","6.724091053009033","85","85","85","14.17557144165039","14.17557144165039","14.17557144165039","85","85","85","34.98958206176758","34.98958206176758","34.98958206176758","85","85","85","0.4416958689689636","0.4416958689689636","0.4416958689689636","85","85","85","0.5849387645721436","0.5849387645721436","0.5849387645721436"
"63","86","86","86","6.848127841949463","6.848127841949463","6.848127841949463","86","86","86","14.0470609664917","14.0470609664917","14.0470609664917","86","86","86","35.527992248535156","35.527992248535156","35.527992248535156","86","86","86","0.4426921606063843","0.4426921606063843","0.4426921606063843","86","86","86","0.5785481929779053","0.5785481929779053","0.5785481929779053"
"64","87","87","87","7.085496425628662","7.085496425628662","7.085496425628662","87","87","87","13.825783729553223","13.825783729553223","13.825783729553223","87","87","87","35.15243911743164","35.15243911743164","35.15243911743164","87","87","87","0.44262897968292236","0.44262897968292236","0.44262897968292236","87","87","87","0.5651848912239075","0.5651848912239075","0.5651848912239075"
"65","89","89","89","7.3467535972595215","7.3467535972595215","7.3467535972595215","89","89","89","14.047242164611816","14.047242164611816","14.047242164611816","89","89","89","33.218162536621094","33.218162536621094","33.218162536621094","89","89","89","0.4438387453556061","0.4438387453556061","0.4438387453556061","89","89","89","0.5604925155639648","0.5604925155639648","0.5604925155639648"
"66","90","90","90","7.159433364868164","7.159433364868164","7.159433364868164","90","90","90","17.774051666259766","17.774051666259766","17.774051666259766","90","90","90","32.640953063964844","32.640953063964844","32.640953063964844","90","90","90","0.44314390420913696","0.44314390420913696","0.44314390420913696","90","90","90","0.5488708019256592","0.5488708019256592","0.5488708019256592"
"67","91","91","91","7.411025524139404","7.411025524139404","7.411025524139404","91","91","91","16.656982421875","16.656982421875","16.656982421875","91","91","91","31.919172286987305","31.919172286987305","31.919172286987305","91","91","91","0.44390708208084106","0.44390708208084106","0.44390708208084106","91","91","91","0.5612981915473938","0.5612981915473938","0.5612981915473938"
"68","93","93","93","7.666292190551758","7.666292190551758","7.666292190551758","93","93","93","15.126306533813477","15.126306533813477","15.126306533813477","93","93","93","31.497333526611328","31.497333526611328","31.497333526611328","93","93","93","0.4426839053630829","0.4426839053630829","0.4426839053630829","93","93","93","0.629702627658844","0.629702627658844","0.629702627658844"
"69","94","94","94","7.349842548370361","7.349842548370361","7.349842548370361","94","94","94","12.692707061767578","12.692707061767578","12.692707061767578","94","94","94","31.365375518798828","31.365375518798828","31.365375518798828","94","94","94","0.4423985481262207","0.4423985481262207","0.4423985481262207","94","94","94","0.5918934345245361","0.5918934345245361","0.5918934345245361"
"70","95","95","95","7.4581522941589355","7.4581522941589355","7.4581522941589355","95","95","95","12.340949058532715","12.340949058532715","12.340949058532715","95","95","95","31.400693893432617","31.400693893432617","31.400693893432617","95","95","95","0.44192683696746826","0.44192683696746826","0.44192683696746826","95","95","95","0.5862900018692017","0.5862900018692017","0.5862900018692017"
"71","97","97","97","7.080938816070557","7.080938816070557","7.080938816070557","97","97","97","12.278764724731445","12.278764724731445","12.278764724731445","97","97","97","31.284690856933594","31.284690856933594","31.284690856933594","97","97","97","0.4418522119522095","0.4418522119522095","0.4418522119522095","97","97","97","0.5888772010803223","0.5888772010803223","0.5888772010803223"
"72","98","98","98","7.323019027709961","7.323019027709961","7.323019027709961","98","98","98","12.238879203796387","12.238879203796387","12.238879203796387","98","98","98","31.275114059448242","31.275114059448242","31.275114059448242","98","98","98","0.4418378174304962","0.4418378174304962","0.4418378174304962","98","98","98","0.5728622674942017","0.5728622674942017","0.5728622674942017"
"73","99","99","99","6.8403730392456055","6.8403730392456055","6.8403730392456055","99","99","99","12.22307014465332","12.22307014465332","12.22307014465332","99","99","99","31.190738677978516","31.190738677978516","31.190738677978516","99","99","99","0.44209009408950806","0.44209009408950806","0.44209009408950806","99","99","99","0.5681579113006592","0.5681579113006592","0.5681579113006592"
"74","101","101","101","5.548521041870117","5.548521041870117","5.548521041870117","101","101","101","12.20527172088623","12.20527172088623","12.20527172088623","101","101","101","30.977304458618164","30.977304458618164","30.977304458618164","101","101","101","0.44132688641548157","0.44132688641548157","0.44132688641548157","101","101","101","0.5611340999603271","0.5611340999603271","0.5611340999603271"
"75","102","102","102","5.379678249359131","5.379678249359131","5.379678249359131","102","102","102","12.194588661193848","12.194588661193848","12.194588661193848","102","102","102","30.688491821289062","30.688491821289062","30.688491821289062","102","102","102","0.441074937582016","0.441074937582016","0.441074937582016","102","102","102","0.5754883885383606","0.5754883885383606","0.5754883885383606"
"76","103","103","103","5.338623523712158","5.338623523712158","5.338623523712158","103","103","103","12.178929328918457","12.178929328918457","12.178929328918457","103","103","103","30.536014556884766","30.536014556884766","30.536014556884766","103","103","103","0.44192275404930115","0.44192275404930115","0.44192275404930115","103","103","103","0.5787242650985718","0.5787242650985718","0.5787242650985718"
"77","104","104","104","5.323572158813477","5.323572158813477","5.323572158813477","104","104","104","12.16659927368164","12.16659927368164","12.16659927368164","104","104","104","31.089157104492188","31.089157104492188","31.089157104492188","104","104","104","0.44106024503707886","0.44106024503707886","0.44106024503707886","104","104","104","0.5697404742240906","0.5697404742240906","0.5697404742240906"
"78","106","106","106","5.311222553253174","5.311222553253174","5.311222553253174","106","106","106","12.158495903015137","12.158495903015137","12.158495903015137","106","106","106","30.741928100585938","30.741928100585938","30.741928100585938","106","106","106","0.4420931041240692","0.4420931041240692","0.4420931041240692","106","106","106","0.5618823170661926","0.5618823170661926","0.5618823170661926"
"79","108","108","108","5.305639743804932","5.305639743804932","5.305639743804932","108","108","108","12.148873329162598","12.148873329162598","12.148873329162598","108","108","108","30.507511138916016","30.507511138916016","30.507511138916016","108","108","108","0.44098442792892456","0.44098442792892456","0.44098442792892456","108","108","108","0.5512821078300476","0.5512821078300476","0.5512821078300476"
"80","109","109","109","5.2945027351379395","5.2945027351379395","5.2945027351379395","109","109","109","12.139527320861816","12.139527320861816","12.139527320861816","109","109","109","31.2683048248291","31.2683048248291","31.2683048248291","109","109","109","0.44077929854393005","0.44077929854393005","0.44077929854393005","109","109","109","0.5539469718933105","0.5539469718933105","0.5539469718933105"
"81","111","111","111","5.288234233856201","5.288234233856201","5.288234233856201","111","111","111","12.125221252441406","12.125221252441406","12.125221252441406","111","111","111","30.972766876220703","30.972766876220703","30.972766876220703","111","111","111","0.44102779030799866","0.44102779030799866","0.44102779030799866","111","111","111","0.5599644780158997","0.5599644780158997","0.5599644780158997"
"82","112","112","112","5.27970027923584","5.27970027923584","5.27970027923584","112","112","112","12.12024974822998","12.12024974822998","12.12024974822998","112","112","112","30.767990112304688","30.767990112304688","30.767990112304688","112","112","112","0.4415619671344757","0.4415619671344757","0.4415619671344757","112","112","112","0.5564820170402527","0.5564820170402527","0.5564820170402527"
"83","113","113","113","5.269407272338867","5.269407272338867","5.269407272338867","113","113","113","12.109475135803223","12.109475135803223","12.109475135803223","113","113","113","31.079010009765625","31.079010009765625","31.079010009765625","113","113","113","0.4411413073539734","0.4411413073539734","0.4411413073539734","113","113","113","0.5569008588790894","0.5569008588790894","0.5569008588790894"
"84","115","115","115","5.266724109649658","5.266724109649658","5.266724109649658","115","115","115","12.099943161010742","12.099943161010742","12.099943161010742","115","115","115","31.239410400390625","31.239410400390625","31.239410400390625","115","115","115","0.4414145350456238","0.4414145350456238","0.4414145350456238","115","115","115","0.5482035875320435","0.5482035875320435","0.5482035875320435"
"85","116","116","116","5.259422779083252","5.259422779083252","5.259422779083252","116","116","116","12.091118812561035","12.091118812561035","12.091118812561035","116","116","116","32.928096771240234","32.928096771240234","32.928096771240234","116","116","116","0.4418213963508606","0.4418213963508606","0.4418213963508606","116","116","116","0.5490820407867432","0.5490820407867432","0.5490820407867432"
"86","117","117","117","5.2525634765625","5.2525634765625","5.2525634765625","117","117","117","12.084948539733887","12.084948539733887","12.084948539733887","117","117","117","34.232173919677734","34.232173919677734","34.232173919677734","117","117","117","0.44101059436798096","0.44101059436798096","0.44101059436798096","117","117","117","0.5451116561889648","0.5451116561889648","0.5451116561889648"
"87","119","119","119","5.245841026306152","5.245841026306152","5.245841026306152","119","119","119","12.072872161865234","12.072872161865234","12.072872161865234","119","119","119","33.72709655761719","33.72709655761719","33.72709655761719","119","119","119","0.44122007489204407","0.44122007489204407","0.44122007489204407","119","119","119","0.5438051223754883","0.5438051223754883","0.5438051223754883"
"88","120","120","120","5.239740371704102","5.239740371704102","5.239740371704102","120","120","120","12.071032524108887","12.071032524108887","12.071032524108887","120","120","120","31.59010124206543","31.59010124206543","31.59010124206543","120","120","120","0.4403710961341858","0.4403710961341858","0.4403710961341858","120","120","120","0.5461395978927612","0.5461395978927612","0.5461395978927612"
"89","121","121","121","5.233263969421387","5.233263969421387","5.233263969421387","121","121","121","12.059343338012695","12.059343338012695","12.059343338012695","121","121","121","31.277801513671875","31.277801513671875","31.277801513671875","121","121","121","0.4413585066795349","0.4413585066795349","0.4413585066795349","121","121","121","0.5474924445152283","0.5474924445152283","0.5474924445152283"
"90","123","123","123","5.229103088378906","5.229103088378906","5.229103088378906","123","123","123","12.051148414611816","12.051148414611816","12.051148414611816","123","123","123","30.76434898376465","30.76434898376465","30.76434898376465","123","123","123","0.4406403601169586","0.4406403601169586","0.4406403601169586","123","123","123","0.5467730164527893","0.5467730164527893","0.5467730164527893"
"91","124","124","124","5.221951007843018","5.221951007843018","5.221951007843018","124","124","124","12.043805122375488","12.043805122375488","12.043805122375488","124","124","124","28.123491287231445","28.123491287231445","28.123491287231445","124","124","124","0.44115856289863586","0.44115856289863586","0.44115856289863586","124","124","124","0.5451252460479736","0.5451252460479736","0.5451252460479736"
"92","125","125","125","5.217332363128662","5.217332363128662","5.217332363128662","125","125","125","12.035048484802246","12.035048484802246","12.035048484802246","125","125","125","27.888185501098633","27.888185501098633","27.888185501098633","125","125","125","0.4413008391857147","0.4413008391857147","0.4413008391857147","125","125","125","0.5430191159248352","0.5430191159248352","0.5430191159248352"
"93","127","127","127","5.2123260498046875","5.2123260498046875","5.2123260498046875","127","127","127","12.030355453491211","12.030355453491211","12.030355453491211","127","127","127","27.806570053100586","27.806570053100586","27.806570053100586","127","127","127","0.4409385919570923","0.4409385919570923","0.4409385919570923","127","127","127","0.5344750285148621","0.5344750285148621","0.5344750285148621"
"94","128","128","128","5.206597328186035","5.206597328186035","5.206597328186035","128","128","128","12.0232515335083","12.0232515335083","12.0232515335083","128","128","128","27.783191680908203","27.783191680908203","27.783191680908203","128","128","128","0.44114306569099426","0.44114306569099426","0.44114306569099426","128","128","128","0.5089113116264343","0.5089113116264343","0.5089113116264343"
"95","129","129","129","5.201948165893555","5.201948165893555","5.201948165893555","129","129","129","12.018284797668457","12.018284797668457","12.018284797668457","129","129","129","27.750112533569336","27.750112533569336","27.750112533569336","129","129","129","0.4407121539115906","0.4407121539115906","0.4407121539115906","129","129","129","0.48850858211517334","0.48850858211517334","0.48850858211517334"
"96","131","131","131","5.19606876373291","5.19606876373291","5.19606876373291","131","131","131","12.007019996643066","12.007019996643066","12.007019996643066","131","131","131","27.734943389892578","27.734943389892578","27.734943389892578","131","131","131","0.4414418935775757","0.4414418935775757","0.4414418935775757","131","131","131","0.48397907614707947","0.48397907614707947","0.48397907614707947"
"97","132","132","132","5.19273567199707","5.19273567199707","5.19273567199707","132","132","132","12.001042366027832","12.001042366027832","12.001042366027832","132","132","132","27.726341247558594","27.726341247558594","27.726341247558594","132","132","132","0.4415169656276703","0.4415169656276703","0.4415169656276703","132","132","132","0.46340084075927734","0.46340084075927734","0.46340084075927734"
"98","133","133","133","5.186025619506836","5.186025619506836","5.186025619506836","133","133","133","11.991787910461426","11.991787910461426","11.991787910461426","133","133","133","27.709999084472656","27.709999084472656","27.709999084472656","133","133","133","0.440396785736084","0.440396785736084","0.440396785736084","133","133","133","0.45774906873703003","0.45774906873703003","0.45774906873703003"
"99","136","136","136","5.180032253265381","5.180032253265381","5.180032253265381","136","136","136","11.983884811401367","11.983884811401367","11.983884811401367","136","136","136","27.69931411743164","27.69931411743164","27.69931411743164","136","136","136","0.4406983554363251","0.4406983554363251","0.4406983554363251","136","136","136","0.45488739013671875","0.45488739013671875","0.45488739013671875"
"100","137","137","137","5.175650596618652","5.175650596618652","5.175650596618652","137","137","137","11.975271224975586","11.975271224975586","11.975271224975586","137","137","137","27.687978744506836","27.687978744506836","27.687978744506836","137","137","137","0.44156932830810547","0.44156932830810547","0.44156932830810547","137","137","137","0.45042961835861206","0.45042961835861206","0.45042961835861206"
"101","138","138","138","5.169524669647217","5.169524669647217","5.169524669647217","138","138","138","11.969613075256348","11.969613075256348","11.969613075256348","138","138","138","27.684288024902344","27.684288024902344","27.684288024902344","138","138","138","0.4411333501338959","0.4411333501338959","0.4411333501338959","138","138","138","0.4407872259616852","0.4407872259616852","0.4407872259616852"
"102","139","139","139","5.165904521942139","5.165904521942139","5.165904521942139","139","139","139","11.959634780883789","11.959634780883789","11.959634780883789","139","139","139","27.668041229248047","27.668041229248047","27.668041229248047","139","139","139","0.4405624270439148","0.4405624270439148","0.4405624270439148","139","139","139","0.4442973732948303","0.4442973732948303","0.4442973732948303"
"103","141","141","141","5.1606340408325195","5.1606340408325195","5.1606340408325195","141","141","141","11.957141876220703","11.957141876220703","11.957141876220703","141","141","141","27.6623592376709","27.6623592376709","27.6623592376709","141","141","141","0.4409041702747345","0.4409041702747345","0.4409041702747345","141","141","141","0.44264861941337585","0.44264861941337585","0.44264861941337585"
"104","142","142","142","5.156131744384766","5.156131744384766","5.156131744384766","142","142","142","11.942584991455078","11.942584991455078","11.942584991455078","142","142","142","27.64873504638672","27.64873504638672","27.64873504638672","142","142","142","0.44076740741729736","0.44076740741729736","0.44076740741729736","142","142","142","0.43834060430526733","0.43834060430526733","0.43834060430526733"
"105","143","143","143","5.152177810668945","5.152177810668945","5.152177810668945","143","143","143","11.932794570922852","11.932794570922852","11.932794570922852","143","143","143","27.646419525146484","27.646419525146484","27.646419525146484","143","143","143","0.44140031933784485","0.44140031933784485","0.44140031933784485","143","143","143","0.43381017446517944","0.43381017446517944","0.43381017446517944"
"106","145","145","145","5.145894527435303","5.145894527435303","5.145894527435303","145","145","145","11.928216934204102","11.928216934204102","11.928216934204102","145","145","145","27.631650924682617","27.631650924682617","27.631650924682617","145","145","145","0.44041168689727783","0.44041168689727783","0.44041168689727783","145","145","145","0.4403870701789856","0.4403870701789856","0.4403870701789856"
"107","146","146","146","5.142576694488525","5.142576694488525","5.142576694488525","146","146","146","11.918489456176758","11.918489456176758","11.918489456176758","146","146","146","27.622201919555664","27.622201919555664","27.622201919555664","146","146","146","0.44057703018188477","0.44057703018188477","0.44057703018188477","146","146","146","0.43212854862213135","0.43212854862213135","0.43212854862213135"
"108","147","147","147","5.137216567993164","5.137216567993164","5.137216567993164","147","147","147","11.910433769226074","11.910433769226074","11.910433769226074","147","147","147","27.61025619506836","27.61025619506836","27.61025619506836","147","147","147","0.44116437435150146","0.44116437435150146","0.44116437435150146","147","147","147","0.4279385805130005","0.4279385805130005","0.4279385805130005"
"109","149","149","149","5.132778167724609","5.132778167724609","5.132778167724609","149","149","149","11.90323543548584","11.90323543548584","11.90323543548584","149","149","149","27.60334587097168","27.60334587097168","27.60334587097168","149","149","149","0.44138941168785095","0.44138941168785095","0.44138941168785095","149","149","149","0.4257396459579468","0.4257396459579468","0.4257396459579468"
"110","150","150","150","5.129471302032471","5.129471302032471","5.129471302032471","150","150","150","11.896468162536621","11.896468162536621","11.896468162536621","150","150","150","27.598804473876953","27.598804473876953","27.598804473876953","150","150","150","0.4404723048210144","0.4404723048210144","0.4404723048210144","150","150","150","0.4236743152141571","0.4236743152141571","0.4236743152141571"
"111","151","151","151","5.121725082397461","5.121725082397461","5.121725082397461","151","151","151","11.885345458984375","11.885345458984375","11.885345458984375","151","151","151","27.579269409179688","27.579269409179688","27.579269409179688","151","151","151","0.44082605838775635","0.44082605838775635","0.44082605838775635","151","151","151","0.423837274312973","0.423837274312973","0.423837274312973"
"112","153","153","153","5.116553783416748","5.116553783416748","5.116553783416748","153","153","153","11.8831148147583","11.8831148147583","11.8831148147583","153","153","153","27.57569122314453","27.57569122314453","27.57569122314453","153","153","153","0.4411436915397644","0.4411436915397644","0.4411436915397644","153","153","153","0.4181024432182312","0.4181024432182312","0.4181024432182312"
"113","154","154","154","5.112622261047363","5.112622261047363","5.112622261047363","154","154","154","11.873714447021484","11.873714447021484","11.873714447021484","154","154","154","27.564098358154297","27.564098358154297","27.564098358154297","154","154","154","0.4413555860519409","0.4413555860519409","0.4413555860519409","154","154","154","0.41590970754623413","0.41590970754623413","0.41590970754623413"
"114","155","155","155","5.108945369720459","5.108945369720459","5.108945369720459","155","155","155","11.867938995361328","11.867938995361328","11.867938995361328","155","155","155","27.550273895263672","27.550273895263672","27.550273895263672","155","155","155","0.4415748119354248","0.4415748119354248","0.4415748119354248","155","155","155","0.40939199924468994","0.40939199924468994","0.40939199924468994"
"115","157","157","157","5.106667518615723","5.106667518615723","5.106667518615723","157","157","157","11.856934547424316","11.856934547424316","11.856934547424316","157","157","157","27.5500545501709","27.5500545501709","27.5500545501709","157","157","157","0.44136548042297363","0.44136548042297363","0.44136548042297363","157","157","157","0.40784594416618347","0.40784594416618347","0.40784594416618347"
"116","158","158","158","5.101091384887695","5.101091384887695","5.101091384887695","158","158","158","11.851531982421875","11.851531982421875","11.851531982421875","158","158","158","27.544391632080078","27.544391632080078","27.544391632080078","158","158","158","0.4418047070503235","0.4418047070503235","0.4418047070503235","158","158","158","0.4085255265235901","0.4085255265235901","0.4085255265235901"
"117","159","159","159","5.0952653884887695","5.0952653884887695","5.0952653884887695","159","159","159","11.844016075134277","11.844016075134277","11.844016075134277","159","159","159","27.525575637817383","27.525575637817383","27.525575637817383","159","159","159","0.4410869777202606","0.4410869777202606","0.4410869777202606","159","159","159","0.4078429341316223","0.4078429341316223","0.4078429341316223"
"118","161","161","161","5.091098785400391","5.091098785400391","5.091098785400391","161","161","161","11.830849647521973","11.830849647521973","11.830849647521973","161","161","161","27.51166534423828","27.51166534423828","27.51166534423828","161","161","161","0.44037729501724243","0.44037729501724243","0.44037729501724243","161","161","161","0.40428662300109863","0.40428662300109863","0.40428662300109863"
"119","163","163","163","5.085721492767334","5.085721492767334","5.085721492767334","163","163","163","11.82921314239502","11.82921314239502","11.82921314239502","163","163","163","27.509483337402344","27.509483337402344","27.509483337402344","163","163","163","0.44097575545310974","0.44097575545310974","0.44097575545310974","163","163","163","0.40197089314460754","0.40197089314460754","0.40197089314460754"
"120","164","164","164","5.0811848640441895","5.0811848640441895","5.0811848640441895","164","164","164","11.815226554870605","11.815226554870605","11.815226554870605","164","164","164","27.503049850463867","27.503049850463867","27.503049850463867","164","164","164","0.4411000907421112","0.4411000907421112","0.4411000907421112","164","164","164","0.39796245098114014","0.39796245098114014","0.39796245098114014"
"121","166","166","166","5.077834129333496","5.077834129333496","5.077834129333496","166","166","166","11.808243751525879","11.808243751525879","11.808243751525879","166","166","166","27.48430633544922","27.48430633544922","27.48430633544922","166","166","166","0.4405880272388458","0.4405880272388458","0.4405880272388458","166","166","166","0.40160417556762695","0.40160417556762695","0.40160417556762695"
"122","167","167","167","5.071883678436279","5.071883678436279","5.071883678436279","167","167","167","11.80097770690918","11.80097770690918","11.80097770690918","167","167","167","27.474475860595703","27.474475860595703","27.474475860595703","167","167","167","0.440875768661499","0.440875768661499","0.440875768661499","167","167","167","0.39607787132263184","0.39607787132263184","0.39607787132263184"
"123","168","168","168","5.069141387939453","5.069141387939453","5.069141387939453","168","168","168","11.795591354370117","11.795591354370117","11.795591354370117","168","168","168","27.469839096069336","27.469839096069336","27.469839096069336","168","168","168","0.44065630435943604","0.44065630435943604","0.44065630435943604","168","168","168","0.39089563488960266","0.39089563488960266","0.39089563488960266"
"124","170","170","170","5.063035011291504","5.063035011291504","5.063035011291504","170","170","170","11.787147521972656","11.787147521972656","11.787147521972656","170","170","170","27.453094482421875","27.453094482421875","27.453094482421875","170","170","170","0.44098082184791565","0.44098082184791565","0.44098082184791565","170","170","170","0.3964550793170929","0.3964550793170929","0.3964550793170929"
"125","171","171","171","5.057309627532959","5.057309627532959","5.057309627532959","171","171","171","11.778397560119629","11.778397560119629","11.778397560119629","171","171","171","27.459999084472656","27.459999084472656","27.459999084472656","171","171","171","0.4403289258480072","0.4403289258480072","0.4403289258480072","171","171","171","0.3911648094654083","0.3911648094654083","0.3911648094654083"
"126","172","172","172","5.051996231079102","5.051996231079102","5.051996231079102","172","172","172","11.767014503479004","11.767014503479004","11.767014503479004","172","172","172","27.45309829711914","27.45309829711914","27.45309829711914","172","172","172","0.44118353724479675","0.44118353724479675","0.44118353724479675","172","172","172","0.3878507614135742","0.3878507614135742","0.3878507614135742"
"127","173","173","173","5.048677444458008","5.048677444458008","5.048677444458008","173","173","173","11.76228141784668","11.76228141784668","11.76228141784668","173","173","173","27.436073303222656","27.436073303222656","27.436073303222656","173","173","173","0.4407566487789154","0.4407566487789154","0.4407566487789154","173","173","173","0.38376399874687195","0.38376399874687195","0.38376399874687195"
"128","175","175","175","5.0426859855651855","5.0426859855651855","5.0426859855651855","175","175","175","11.754880905151367","11.754880905151367","11.754880905151367","175","175","175","27.42469024658203","27.42469024658203","27.42469024658203","175","175","175","0.44130295515060425","0.44130295515060425","0.44130295515060425","175","175","175","0.38576820492744446","0.38576820492744446","0.38576820492744446"
"129","176","176","176","5.0401763916015625","5.0401763916015625","5.0401763916015625","176","176","176","11.747785568237305","11.747785568237305","11.747785568237305","176","176","176","27.40996551513672","27.40996551513672","27.40996551513672","176","176","176","0.4413544833660126","0.4413544833660126","0.4413544833660126","176","176","176","0.38233888149261475","0.38233888149261475","0.38233888149261475"
"130","177","177","177","5.033596992492676","5.033596992492676","5.033596992492676","177","177","177","11.736196517944336","11.736196517944336","11.736196517944336","177","177","177","27.403078079223633","27.403078079223633","27.403078079223633","177","177","177","0.44160473346710205","0.44160473346710205","0.44160473346710205","177","177","177","0.37918105721473694","0.37918105721473694","0.37918105721473694"
"131","179","179","179","5.030745029449463","5.030745029449463","5.030745029449463","179","179","179","11.73145866394043","11.73145866394043","11.73145866394043","179","179","179","27.39236068725586","27.39236068725586","27.39236068725586","179","179","179","0.44142913818359375","0.44142913818359375","0.44142913818359375","179","179","179","0.3787553012371063","0.3787553012371063","0.3787553012371063"
"132","180","180","180","5.024426460266113","5.024426460266113","5.024426460266113","180","180","180","11.718445777893066","11.718445777893066","11.718445777893066","180","180","180","27.38526153564453","27.38526153564453","27.38526153564453","180","180","180","0.4410771429538727","0.4410771429538727","0.4410771429538727","180","180","180","0.3759349584579468","0.3759349584579468","0.3759349584579468"
"133","181","181","181","5.02100944519043","5.02100944519043","5.02100944519043","181","181","181","11.716665267944336","11.716665267944336","11.716665267944336","181","181","181","27.365943908691406","27.365943908691406","27.365943908691406","181","181","181","0.4411552846431732","0.4411552846431732","0.4411552846431732","181","181","181","0.3824783265590668","0.3824783265590668","0.3824783265590668"
"134","183","183","183","5.014391899108887","5.014391899108887","5.014391899108887","183","183","183","11.704995155334473","11.704995155334473","11.704995155334473","183","183","183","27.359691619873047","27.359691619873047","27.359691619873047","183","183","183","0.4408416152000427","0.4408416152000427","0.4408416152000427","183","183","183","0.3752233386039734","0.3752233386039734","0.3752233386039734"
"135","184","184","184","5.009220600128174","5.009220600128174","5.009220600128174","184","184","184","11.696892738342285","11.696892738342285","11.696892738342285","184","184","184","27.356121063232422","27.356121063232422","27.356121063232422","184","184","184","0.4412462115287781","0.4412462115287781","0.4412462115287781","184","184","184","0.3771804869174957","0.3771804869174957","0.3771804869174957"
"136","185","185","185","5.004276275634766","5.004276275634766","5.004276275634766","185","185","185","11.687103271484375","11.687103271484375","11.687103271484375","185","185","185","27.341520309448242","27.341520309448242","27.341520309448242","185","185","185","0.4410472512245178","0.4410472512245178","0.4410472512245178","185","185","185","0.37960249185562134","0.37960249185562134","0.37960249185562134"
"137","187","187","187","4.99959659576416","4.99959659576416","4.99959659576416","187","187","187","11.680453300476074","11.680453300476074","11.680453300476074","187","187","187","27.327465057373047","27.327465057373047","27.327465057373047","187","187","187","0.4412173926830292","0.4412173926830292","0.4412173926830292","187","187","187","0.3806127905845642","0.3806127905845642","0.3806127905845642"
"138","188","188","188","4.996100425720215","4.996100425720215","4.996100425720215","188","188","188","11.671828269958496","11.671828269958496","11.671828269958496","188","188","188","27.319049835205078","27.319049835205078","27.319049835205078","188","188","188","0.4409909248352051","0.4409909248352051","0.4409909248352051","188","188","188","0.37306687235832214","0.37306687235832214","0.37306687235832214"
"139","190","190","190","4.990219593048096","4.990219593048096","4.990219593048096","190","190","190","11.662066459655762","11.662066459655762","11.662066459655762","190","190","190","27.306499481201172","27.306499481201172","27.306499481201172","190","190","190","0.4406129717826843","0.4406129717826843","0.4406129717826843","190","190","190","0.3673437237739563","0.3673437237739563","0.3673437237739563"
"140","192","192","192","4.984148979187012","4.984148979187012","4.984148979187012","192","192","192","11.659180641174316","11.659180641174316","11.659180641174316","192","192","192","27.306072235107422","27.306072235107422","27.306072235107422","192","192","192","0.440794974565506","0.440794974565506","0.440794974565506","192","192","192","0.3705459535121918","0.3705459535121918","0.3705459535121918"
"141","193","193","193","4.98022985458374","4.98022985458374","4.98022985458374","193","193","193","11.64700984954834","11.64700984954834","11.64700984954834","193","193","193","27.289382934570312","27.289382934570312","27.289382934570312","193","193","193","0.4406106472015381","0.4406106472015381","0.4406106472015381","193","193","193","0.37254834175109863","0.37254834175109863","0.37254834175109863"
"142","194","194","194","4.973823070526123","4.973823070526123","4.973823070526123","194","194","194","11.643174171447754","11.643174171447754","11.643174171447754","194","194","194","27.2785701751709","27.2785701751709","27.2785701751709","194","194","194","0.4406245946884155","0.4406245946884155","0.4406245946884155","194","194","194","0.3696468472480774","0.3696468472480774","0.3696468472480774"
"143","196","196","196","4.96921443939209","4.96921443939209","4.96921443939209","196","196","196","11.633910179138184","11.633910179138184","11.633910179138184","196","196","196","27.264820098876953","27.264820098876953","27.264820098876953","196","196","196","0.4399382472038269","0.4399382472038269","0.4399382472038269","196","196","196","0.3656810224056244","0.3656810224056244","0.3656810224056244"
"144","197","197","197","4.963762283325195","4.963762283325195","4.963762283325195","197","197","197","11.62466049194336","11.62466049194336","11.62466049194336","197","197","197","27.258499145507812","27.258499145507812","27.258499145507812","197","197","197","0.44140732288360596","0.44140732288360596","0.44140732288360596","197","197","197","0.3648220896720886","0.3648220896720886","0.3648220896720886"
"145","198","198","198","4.959890842437744","4.959890842437744","4.959890842437744","198","198","198","11.620412826538086","11.620412826538086","11.620412826538086","198","198","198","27.24110221862793","27.24110221862793","27.24110221862793","198","198","198","0.4413403272628784","0.4413403272628784","0.4413403272628784","198","198","198","0.36901572346687317","0.36901572346687317","0.36901572346687317"
"146","200","200","200","4.955356597900391","4.955356597900391","4.955356597900391","200","200","200","11.615493774414062","11.615493774414062","11.615493774414062","200","200","200","27.225086212158203","27.225086212158203","27.225086212158203","200","200","200","0.44132736325263977","0.44132736325263977","0.44132736325263977","200","200","200","0.3663524091243744","0.3663524091243744","0.3663524091243744"
"147","201","201","201","4.949313640594482","4.949313640594482","4.949313640594482","201","201","201","11.603243827819824","11.603243827819824","11.603243827819824","201","201","201","27.21916389465332","27.21916389465332","27.21916389465332","201","201","201","0.4410518407821655","0.4410518407821655","0.4410518407821655","201","201","201","0.36608070135116577","0.36608070135116577","0.36608070135116577"
"148","202","202","202","4.945074081420898","4.945074081420898","4.945074081420898","202","202","202","11.597724914550781","11.597724914550781","11.597724914550781","202","202","202","27.212997436523438","27.212997436523438","27.212997436523438","202","202","202","0.4411475658416748","0.4411475658416748","0.4411475658416748","202","202","202","0.3653600215911865","0.3653600215911865","0.3653600215911865"
"149","204","204","204","4.942205905914307","4.942205905914307","4.942205905914307","204","204","204","11.583812713623047","11.583812713623047","11.583812713623047","204","204","204","27.189796447753906","27.189796447753906","27.189796447753906","204","204","204","0.44132688641548157","0.44132688641548157","0.44132688641548157","204","204","204","0.3663516342639923","0.3663516342639923","0.3663516342639923"
"150","205","205","205","4.936201095581055","4.936201095581055","4.936201095581055","205","205","205","11.576289176940918","11.576289176940918","11.576289176940918","205","205","205","27.17823028564453","27.17823028564453","27.17823028564453","205","205","205","0.4409627318382263","0.4409627318382263","0.4409627318382263","205","205","205","0.36524951457977295","0.36524951457977295","0.36524951457977295"
"151","206","206","206","4.928069114685059","4.928069114685059","4.928069114685059","206","206","206","11.571877479553223","11.571877479553223","11.571877479553223","206","206","206","27.17080307006836","27.17080307006836","27.17080307006836","206","206","206","0.441137433052063","0.441137433052063","0.441137433052063","206","206","206","0.36417511105537415","0.36417511105537415","0.36417511105537415"
"152","207","207","207","4.92438268661499","4.92438268661499","4.92438268661499","207","207","207","11.564064979553223","11.564064979553223","11.564064979553223","207","207","207","27.156328201293945","27.156328201293945","27.156328201293945","207","207","207","0.44176581501960754","0.44176581501960754","0.44176581501960754","207","207","207","0.36288994550704956","0.36288994550704956","0.36288994550704956"
"153","209","209","209","4.917947292327881","4.917947292327881","4.917947292327881","209","209","209","11.556285858154297","11.556285858154297","11.556285858154297","209","209","209","27.146692276000977","27.146692276000977","27.146692276000977","209","209","209","0.4411373436450958","0.4411373436450958","0.4411373436450958","209","209","209","0.3609009087085724","0.3609009087085724","0.3609009087085724"
"154","210","210","210","4.918619632720947","4.918619632720947","4.918619632720947","210","210","210","11.54976749420166","11.54976749420166","11.54976749420166","210","210","210","27.136802673339844","27.136802673339844","27.136802673339844","210","210","210","0.441017210483551","0.441017210483551","0.441017210483551","210","210","210","0.36274462938308716","0.36274462938308716","0.36274462938308716"
"155","211","211","211","4.911120891571045","4.911120891571045","4.911120891571045","211","211","211","11.540502548217773","11.540502548217773","11.540502548217773","211","211","211","27.13288688659668","27.13288688659668","27.13288688659668","211","211","211","0.4409189522266388","0.4409189522266388","0.4409189522266388","211","211","211","0.36768680810928345","0.36768680810928345","0.36768680810928345"
"156","213","213","213","4.908318996429443","4.908318996429443","4.908318996429443","213","213","213","11.53576946258545","11.53576946258545","11.53576946258545","213","213","213","27.119155883789062","27.119155883789062","27.119155883789062","213","213","213","0.44048064947128296","0.44048064947128296","0.44048064947128296","213","213","213","0.36537250876426697","0.36537250876426697","0.36537250876426697"
"157","214","214","214","4.903541088104248","4.903541088104248","4.903541088104248","214","214","214","11.52462100982666","11.52462100982666","11.52462100982666","214","214","214","27.097768783569336","27.097768783569336","27.097768783569336","214","214","214","0.44103574752807617","0.44103574752807617","0.44103574752807617","214","214","214","0.3564193844795227","0.3564193844795227","0.3564193844795227"
"158","215","215","215","4.897089958190918","4.897089958190918","4.897089958190918","215","215","215","11.520648002624512","11.520648002624512","11.520648002624512","215","215","215","27.085420608520508","27.085420608520508","27.085420608520508","215","215","215","0.44112974405288696","0.44112974405288696","0.44112974405288696","215","215","215","0.3673689365386963","0.3673689365386963","0.3673689365386963"
"159","218","218","218","4.892869472503662","4.892869472503662","4.892869472503662","218","218","218","11.50985050201416","11.50985050201416","11.50985050201416","218","218","218","27.07998275756836","27.07998275756836","27.07998275756836","218","218","218","0.44103747606277466","0.44103747606277466","0.44103747606277466","218","218","218","0.35426896810531616","0.35426896810531616","0.35426896810531616"
"160","219","219","219","4.886558532714844","4.886558532714844","4.886558532714844","219","219","219","11.500799179077148","11.500799179077148","11.500799179077148","219","219","219","27.068199157714844","27.068199157714844","27.068199157714844","219","219","219","0.4408438503742218","0.4408438503742218","0.4408438503742218","219","219","219","0.35841479897499084","0.35841479897499084","0.35841479897499084"
"161","220","220","220","4.881515979766846","4.881515979766846","4.881515979766846","220","220","220","11.491969108581543","11.491969108581543","11.491969108581543","220","220","220","27.057605743408203","27.057605743408203","27.057605743408203","220","220","220","0.4412557780742645","0.4412557780742645","0.4412557780742645","220","220","220","0.3615383505821228","0.3615383505821228","0.3615383505821228"
"162","222","222","222","4.876340866088867","4.876340866088867","4.876340866088867","222","222","222","11.487689018249512","11.487689018249512","11.487689018249512","222","222","222","27.036069869995117","27.036069869995117","27.036069869995117","222","222","222","0.4407445192337036","0.4407445192337036","0.4407445192337036","222","222","222","0.36241453886032104","0.36241453886032104","0.36241453886032104"
"163","223","223","223","4.874406337738037","4.874406337738037","4.874406337738037","223","223","223","11.478815078735352","11.478815078735352","11.478815078735352","223","223","223","27.040294647216797","27.040294647216797","27.040294647216797","223","223","223","0.4410822093486786","0.4410822093486786","0.4410822093486786","223","223","223","0.361512690782547","0.361512690782547","0.361512690782547"
"164","224","224","224","4.8690900802612305","4.8690900802612305","4.8690900802612305","224","224","224","11.46940803527832","11.46940803527832","11.46940803527832","224","224","224","27.026119232177734","27.026119232177734","27.026119232177734","224","224","224","0.44092461466789246","0.44092461466789246","0.44092461466789246","224","224","224","0.35909324884414673","0.35909324884414673","0.35909324884414673"
"165","226","226","226","4.862949371337891","4.862949371337891","4.862949371337891","226","226","226","11.466472625732422","11.466472625732422","11.466472625732422","226","226","226","27.005617141723633","27.005617141723633","27.005617141723633","226","226","226","0.44114604592323303","0.44114604592323303","0.44114604592323303","226","226","226","0.3571663200855255","0.3571663200855255","0.3571663200855255"
"166","227","227","227","4.8561553955078125","4.8561553955078125","4.8561553955078125","227","227","227","11.45625114440918","11.45625114440918","11.45625114440918","227","227","227","26.99987030029297","26.99987030029297","26.99987030029297","227","227","227","0.4407554268836975","0.4407554268836975","0.4407554268836975","227","227","227","0.3585899770259857","0.3585899770259857","0.3585899770259857"
"167","228","228","228","4.849864959716797","4.849864959716797","4.849864959716797","228","228","228","11.449275970458984","11.449275970458984","11.449275970458984","228","228","228","26.98772621154785","26.98772621154785","26.98772621154785","228","228","228","0.44092869758605957","0.44092869758605957","0.44092869758605957","228","228","228","0.35858556628227234","0.35858556628227234","0.35858556628227234"
"168","230","230","230","4.847156047821045","4.847156047821045","4.847156047821045","230","230","230","11.43673038482666","11.43673038482666","11.43673038482666","230","230","230","26.978740692138672","26.978740692138672","26.978740692138672","230","230","230","0.44077470898628235","0.44077470898628235","0.44077470898628235","230","230","230","0.3559921383857727","0.3559921383857727","0.3559921383857727"
"169","231","231","231","4.8408427238464355","4.8408427238464355","4.8408427238464355","231","231","231","11.432348251342773","11.432348251342773","11.432348251342773","231","231","231","26.961862564086914","26.961862564086914","26.961862564086914","231","231","231","0.44089949131011963","0.44089949131011963","0.44089949131011963","231","231","231","0.35503092408180237","0.35503092408180237","0.35503092408180237"
"170","232","232","232","4.837916374206543","4.837916374206543","4.837916374206543","232","232","232","11.425970077514648","11.425970077514648","11.425970077514648","232","232","232","26.955181121826172","26.955181121826172","26.955181121826172","232","232","232","0.44122302532196045","0.44122302532196045","0.44122302532196045","232","232","232","0.35260307788848877","0.35260307788848877","0.35260307788848877"
"171","234","234","234","4.831151008605957","4.831151008605957","4.831151008605957","234","234","234","11.416153907775879","11.416153907775879","11.416153907775879","234","234","234","26.93840217590332","26.93840217590332","26.93840217590332","234","234","234","0.4413048326969147","0.4413048326969147","0.4413048326969147","234","234","234","0.3515353202819824","0.3515353202819824","0.3515353202819824"
"172","235","235","235","4.827116966247559","4.827116966247559","4.827116966247559","235","235","235","11.408472061157227","11.408472061157227","11.408472061157227","235","235","235","26.933752059936523","26.933752059936523","26.933752059936523","235","235","235","0.4409659802913666","0.4409659802913666","0.4409659802913666","235","235","235","0.35140761733055115","0.35140761733055115","0.35140761733055115"
"173","236","236","236","4.825546741485596","4.825546741485596","4.825546741485596","236","236","236","11.403166770935059","11.403166770935059","11.403166770935059","236","236","236","26.92032814025879","26.92032814025879","26.92032814025879","236","236","236","0.44083061814308167","0.44083061814308167","0.44083061814308167","236","236","236","0.3514750301837921","0.3514750301837921","0.3514750301837921"
"174","238","238","238","4.818716049194336","4.818716049194336","4.818716049194336","238","238","238","11.395345687866211","11.395345687866211","11.395345687866211","238","238","238","26.909196853637695","26.909196853637695","26.909196853637695","238","238","238","0.4412277340888977","0.4412277340888977","0.4412277340888977","238","238","238","0.34904107451438904","0.34904107451438904","0.34904107451438904"
"175","239","239","239","4.814719200134277","4.814719200134277","4.814719200134277","239","239","239","11.38621711730957","11.38621711730957","11.38621711730957","239","239","239","26.88326644897461","26.88326644897461","26.88326644897461","239","239","239","0.4419107139110565","0.4419107139110565","0.4419107139110565","239","239","239","0.3507601320743561","0.3507601320743561","0.3507601320743561"
"176","240","240","240","4.80887508392334","4.80887508392334","4.80887508392334","240","240","240","11.378658294677734","11.378658294677734","11.378658294677734","240","240","240","26.887462615966797","26.887462615966797","26.887462615966797","240","240","240","0.4419294595718384","0.4419294595718384","0.4419294595718384","240","240","240","0.34834498167037964","0.34834498167037964","0.34834498167037964"
"177","241","241","241","4.8022847175598145","4.8022847175598145","4.8022847175598145","241","241","241","11.373734474182129","11.373734474182129","11.373734474182129","241","241","241","26.85791778564453","26.85791778564453","26.85791778564453","241","241","241","0.4416194558143616","0.4416194558143616","0.4416194558143616","241","241","241","0.3457808494567871","0.3457808494567871","0.3457808494567871"
"178","243","243","243","4.798278331756592","4.798278331756592","4.798278331756592","243","243","243","11.359964370727539","11.359964370727539","11.359964370727539","243","243","243","26.863052368164062","26.863052368164062","26.863052368164062","243","243","243","0.44102659821510315","0.44102659821510315","0.44102659821510315","243","243","243","0.3456200957298279","0.3456200957298279","0.3456200957298279"
"179","245","245","245","4.794879913330078","4.794879913330078","4.794879913330078","245","245","245","11.355779647827148","11.355779647827148","11.355779647827148","245","245","245","26.835224151611328","26.835224151611328","26.835224151611328","245","245","245","0.4411991238594055","0.4411991238594055","0.4411991238594055","245","245","245","0.34641942381858826","0.34641942381858826","0.34641942381858826"
"180","246","246","246","4.785144329071045","4.785144329071045","4.785144329071045","246","246","246","11.347177505493164","11.347177505493164","11.347177505493164","246","246","246","26.84231185913086","26.84231185913086","26.84231185913086","246","246","246","0.4412626326084137","0.4412626326084137","0.4412626326084137","246","246","246","0.3469238877296448","0.3469238877296448","0.3469238877296448"
"181","248","248","248","4.7801642417907715","4.7801642417907715","4.7801642417907715","248","248","248","11.339163780212402","11.339163780212402","11.339163780212402","248","248","248","26.824132919311523","26.824132919311523","26.824132919311523","248","248","248","0.4407865107059479","0.4407865107059479","0.4407865107059479","248","248","248","0.3458193838596344","0.3458193838596344","0.3458193838596344"
"182","249","249","249","4.774847507476807","4.774847507476807","4.774847507476807","249","249","249","11.33342456817627","11.33342456817627","11.33342456817627","249","249","249","26.805742263793945","26.805742263793945","26.805742263793945","249","249","249","0.44096753001213074","0.44096753001213074","0.44096753001213074","249","249","249","0.3483045697212219","0.3483045697212219","0.3483045697212219"
"183","250","250","250","4.773650169372559","4.773650169372559","4.773650169372559","250","250","250","11.325355529785156","11.325355529785156","11.325355529785156","250","250","250","26.799184799194336","26.799184799194336","26.799184799194336","250","250","250","0.44091522693634033","0.44091522693634033","0.44091522693634033","250","250","250","0.3446541726589203","0.3446541726589203","0.3446541726589203"
"184","252","252","252","4.7674970626831055","4.7674970626831055","4.7674970626831055","252","252","252","11.315982818603516","11.315982818603516","11.315982818603516","252","252","252","26.782379150390625","26.782379150390625","26.782379150390625","252","252","252","0.44119489192962646","0.44119489192962646","0.44119489192962646","252","252","252","0.34736815094947815","0.34736815094947815","0.34736815094947815"
"185","253","253","253","4.7636213302612305","4.7636213302612305","4.7636213302612305","253","253","253","11.310644149780273","11.310644149780273","11.310644149780273","253","253","253","26.786640167236328","26.786640167236328","26.786640167236328","253","253","253","0.4410233199596405","0.4410233199596405","0.4410233199596405","253","253","253","0.3436066806316376","0.3436066806316376","0.3436066806316376"
"186","254","254","254","4.759316444396973","4.759316444396973","4.759316444396973","254","254","254","11.30559253692627","11.30559253692627","11.30559253692627","254","254","254","26.77745246887207","26.77745246887207","26.77745246887207","254","254","254","0.44130706787109375","0.44130706787109375","0.44130706787109375","254","254","254","0.3439069092273712","0.3439069092273712","0.3439069092273712"
"187","256","256","256","4.751351833343506","4.751351833343506","4.751351833343506","256","256","256","11.29173469543457","11.29173469543457","11.29173469543457","256","256","256","26.747909545898438","26.747909545898438","26.747909545898438","256","256","256","0.4411807358264923","0.4411807358264923","0.4411807358264923","256","256","256","0.34218114614486694","0.34218114614486694","0.34218114614486694"
"188","257","257","257","4.747319221496582","4.747319221496582","4.747319221496582","257","257","257","11.28667163848877","11.28667163848877","11.28667163848877","257","257","257","26.74754524230957","26.74754524230957","26.74754524230957","257","257","257","0.44100427627563477","0.44100427627563477","0.44100427627563477","257","257","257","0.3427085280418396","0.3427085280418396","0.3427085280418396"
"189","258","258","258","4.744969367980957","4.744969367980957","4.744969367980957","258","258","258","11.284539222717285","11.284539222717285","11.284539222717285","258","258","258","26.726055145263672","26.726055145263672","26.726055145263672","258","258","258","0.44071081280708313","0.44071081280708313","0.44071081280708313","258","258","258","0.3388734757900238","0.3388734757900238","0.3388734757900238"
"190","260","260","260","4.738898754119873","4.738898754119873","4.738898754119873","260","260","260","11.27377700805664","11.27377700805664","11.27377700805664","260","260","260","26.71722412109375","26.71722412109375","26.71722412109375","260","260","260","0.4408267140388489","0.4408267140388489","0.4408267140388489","260","260","260","0.3406241536140442","0.3406241536140442","0.3406241536140442"
"191","261","261","261","4.734137535095215","4.734137535095215","4.734137535095215","261","261","261","11.265292167663574","11.265292167663574","11.265292167663574","261","261","261","26.708877563476562","26.708877563476562","26.708877563476562","261","261","261","0.44101187586784363","0.44101187586784363","0.44101187586784363","261","261","261","0.3430619537830353","0.3430619537830353","0.3430619537830353"
"192","262","262","262","4.729991912841797","4.729991912841797","4.729991912841797","262","262","262","11.259106636047363","11.259106636047363","11.259106636047363","262","262","262","26.70168685913086","26.70168685913086","26.70168685913086","262","262","262","0.44097551703453064","0.44097551703453064","0.44097551703453064","262","262","262","0.3386091887950897","0.3386091887950897","0.3386091887950897"
"193","264","264","264","4.723309516906738","4.723309516906738","4.723309516906738","264","264","264","11.248455047607422","11.248455047607422","11.248455047607422","264","264","264","26.690750122070312","26.690750122070312","26.690750122070312","264","264","264","0.4409174919128418","0.4409174919128418","0.4409174919128418","264","264","264","0.33784401416778564","0.33784401416778564","0.33784401416778564"
"194","265","265","265","4.719240665435791","4.719240665435791","4.719240665435791","265","265","265","11.240157127380371","11.240157127380371","11.240157127380371","265","265","265","26.68391990661621","26.68391990661621","26.68391990661621","265","265","265","0.4406958520412445","0.4406958520412445","0.4406958520412445","265","265","265","0.3390633761882782","0.3390633761882782","0.3390633761882782"
"195","266","266","266","4.714995861053467","4.714995861053467","4.714995861053467","266","266","266","11.239714622497559","11.239714622497559","11.239714622497559","266","266","266","26.685476303100586","26.685476303100586","26.685476303100586","266","266","266","0.44086596369743347","0.44086596369743347","0.44086596369743347","266","266","266","0.3377099335193634","0.3377099335193634","0.3377099335193634"
"196","268","268","268","4.711620807647705","4.711620807647705","4.711620807647705","268","268","268","11.229448318481445","11.229448318481445","11.229448318481445","268","268","268","26.662137985229492","26.662137985229492","26.662137985229492","268","268","268","0.4408741295337677","0.4408741295337677","0.4408741295337677","268","268","268","0.34031930565834045","0.34031930565834045","0.34031930565834045"
"197","269","269","269","4.70546293258667","4.70546293258667","4.70546293258667","269","269","269","11.219018936157227","11.219018936157227","11.219018936157227","269","269","269","26.651399612426758","26.651399612426758","26.651399612426758","269","269","269","0.440909743309021","0.440909743309021","0.440909743309021","269","269","269","0.33562958240509033","0.33562958240509033","0.33562958240509033"
"198","270","270","270","4.699923515319824","4.699923515319824","4.699923515319824","270","270","270","11.213427543640137","11.213427543640137","11.213427543640137","270","270","270","26.632261276245117","26.632261276245117","26.632261276245117","270","270","270","0.44126632809638977","0.44126632809638977","0.44126632809638977","270","270","270","0.3333008885383606","0.3333008885383606","0.3333008885383606"
"199","273","273","273","4.692042827606201","4.692042827606201","4.692042827606201","273","273","273","11.199929237365723","11.199929237365723","11.199929237365723","273","273","273","26.631742477416992","26.631742477416992","26.631742477416992","273","273","273","0.44112256169319153","0.44112256169319153","0.44112256169319153","273","273","273","0.3354171812534332","0.3354171812534332","0.3354171812534332"